id,nome,sobrenome,telefone,email,data_criacao,descricao,categoria_id,mostrar,foto
1,Maria,Oliveira,21 9 9954-1234,maria@email.com,2019-07-18 06:16:27,"Lorem ipsum dolor sit amet, consectetur adipiscing elit. Quisque nec lectus a quam euismod malesuada. Aliquam eleifend facilisis risus eget tempor. Phasellus in arcu ultricies sapien laoreet scelerisque. Pellentesque congue ullamcorper nunc sed eleifend. Nullam nec nisl dolor. Suspendisse ac libero vulputate, imperdiet ex sed, auctor urna. Maecenas pulvinar consequat eros, ut efficitur mauris sollicitudin in. Nullam iaculis vulputate odio, sed placerat purus condimentum et. Vivamus in nunc quis mauris maximus fermentum. Maecenas eget purus facilisis, accumsan ex non, ultrices libero.",3,1,
2,João,Miranda,35 9 9977-9522,joao@email.com,2019-07-18 06:22:50,"Lorem ipsum dolor sit amet, consectetur adipiscing elit. Quisque nec lectus a quam euismod malesuada. Aliquam eleifend facilisis risus eget tempor. Phasellus in arcu ultricies sapien laoreet scelerisque. Pellentesque congue ullamcorper nunc sed eleifend. Nullam nec nisl dolor. Suspendisse ac libero vulputate, imperdiet ex sed, auctor urna. Maecenas pulvinar consequat eros, ut efficitur mauris sollicitudin in. Nullam iaculis vulputate odio, sed placerat purus condimentum et. Vivamus in nunc quis mauris maximus fermentum. Maecenas eget purus facilisis, accumsan ex non, ultrices libero.",2,0,
5,Alice,Marinho,21 9 8867-2494,alice@gmail.com,2019-07-18 05:50:54,"Lorem ipsum dolor sit amet, consectetur adipiscing elit. Sed ornare pretium nunc",1,1,
6,Miguel,Carvalho,13 9 8967-9599,miguel@outlook.com,2019-07-18 05:50:54,"Lorem ipsum dolor sit amet, consectetur adipiscing elit. Sed ornare pretium nunc",2,1,
7,Sophia,Fernandes,19 9 8977-1791,sophia@outlook.com,2019-07-18 05:50:54,vestibulum sit amet convallis ac,3,1,
8,Arthur,Trindade,38 9 7943-2995,arthur@hotmail.com,2019-07-18 05:50:54,Phasellus hendrerit urna vel arcu condimentum facilisis.,2,1,
9,Helena,Bial,26 9 8819-4660,helena@hotmail.com,2019-07-18 05:50:54,Nullam non dolor massa. ,1,1,
10,Bernardo,Novaes,26 9 9845-9717,bernardo@outlook.com,2019-07-18 05:50:54,vestibulum sit amet convallis ac,1,1,
11,Valentina,Gomes,42 9 8825-7283,valentina@hotmail.com,2019-07-18 05:50:54,vestibulum sit amet convallis ac,1,1,
12,Heitor,Barcelos,13 9 7930-2302,heitor@gmail.com,2019-07-18 05:50:54,Praesent sollicitudin nisl sed neque sagittis ultricies.,1,1,
13,Laura,Fagundes,25 9 8956-6600,laura@hotmail.com,2019-07-18 05:50:54,Fusce ultrices ut ligula id varius. Ut eu pharetra nibh. ,2,1,
14,Davi,Steves,32 9 9873-9651,davi@hotmail.com,2019-07-18 05:50:54,Quisque vitae vestibulum nibh.,2,1,
15,Isabella,Carvalho,25 9 9958-5757,isabella@outlook.com,2019-07-18 05:50:54,Phasellus hendrerit urna vel arcu condimentum facilisis.,1,1,
16,Lorenzo,Vargas,33 9 9843-3977,lorenzo@yahoo.com.br,2019-07-18 05:50:54,id vulputate ligula iaculis ut. Nulla ante ligula,2,1,
17,Manuela,Reymond,48 9 7819-4777,manuela@yahoo.com.br,2019-07-18 05:50:54,molestie gravida ante.,2,1,
18,Théo,Maldonado,29 9 7989-8184,tho@hotmail.com,2019-07-18 05:50:54,Fusce gravida egestas erat vitae placerat. ,3,1,
19,Júlia,Kannenberg,35 9 8944-8035,jlia@yahoo.com.br,2019-07-18 05:50:54,Quisque vitae vestibulum nibh.,1,1,
20,Pedro,Bastos,12 9 7974-1430,pedro@outlook.com,2019-07-18 05:50:54,Phasellus hendrerit urna vel arcu condimentum facilisis.,1,1,
21,Heloísa,Bastos,16 9 9942-3538,helosa@gmail.com,2019-07-18 05:50:54,Fusce gravida egestas erat vitae placerat. ,1,1,
22,Gabriel,Guimarães,43 9 8924-8194,gabriel@hotmail.com,2019-07-18 05:50:54,"Quisque eu aliquet nisl, maximus lobortis est. ",1,1,
23,Luiza,Noronha,45 9 8855-1027,luiza@hotmail.com,2019-07-18 05:50:54,"Quisque eu aliquet nisl, maximus lobortis est. ",3,1,
24,Enzo,Reymond,39 9 8811-4903,enzo@outlook.com,2019-07-18 05:50:54,Quisque vitae vestibulum nibh.,1,1,
25,Maria,Evelyn,11 9 7982-5193,maria@hotmail.com,2019-07-18 05:50:54,"Lorem ipsum dolor sit amet, consectetur adipiscing elit. Sed ornare pretium nunc",3,1,
26,Luiza,Steves,45 9 8893-1491,luiza@gmail.com,2019-07-18 05:50:54,Donec pretium consequat rutrum. ,2,1,
27,Matheus,Fernandes,41 9 9854-2364,matheus@hotmail.com,2019-07-18 05:50:54,molestie gravida ante.,1,1,
28,Lorena,Martins,31 9 8964-6401,lorena@hotmail.com,2019-07-18 05:50:54,Donec pretium consequat rutrum. ,2,1,
29,Lucas,Antunes,37 9 9894-8699,lucas@gmail.com,2019-07-18 05:50:54,Donec pretium consequat rutrum. ,1,1,
30,Lívia,Gomes,11 9 9893-5332,lvia@yahoo.com.br,2019-07-18 05:50:54,Quisque vitae vestibulum nibh.,3,1,
31,Benjamin,Campos,18 9 7873-8937,benjamin@gmail.com,2019-07-18 05:50:54,Nam hendrerit nisl ut pellentesque hendrerit. ,3,1,
32,Giovanna,Góes,47 9 8920-6474,giovanna@hotmail.com,2019-07-18 05:50:54,Fusce ultrices ut ligula id varius. Ut eu pharetra nibh. ,2,1,
33,Nicolas,Roriz,44 9 8868-5554,nicolas@hotmail.com,2019-07-18 05:50:54,"Lorem ipsum dolor sit amet, consectetur adipiscing elit. Sed ornare pretium nunc",3,1,
34,Maria,Dieckmann,39 9 8928-4853,maria@gmail.com,2019-07-18 05:50:54,Nam et orci ut magna iaculis volutpat. ,1,1,
35,Eduarda,Ferraz,38 9 8956-4968,eduarda@yahoo.com.br,2019-07-18 05:50:54,id vulputate ligula iaculis ut. Nulla ante ligula,2,1,
36,Guilherme,Bernardi,31 9 7957-5380,guilherme@outlook.com,2019-07-18 05:50:54,"Quisque eu aliquet nisl, maximus lobortis est. ",2,1,
37,Beatriz,Lessa,16 9 8958-6842,beatriz@outlook.com,2019-07-18 05:50:54,Quisque vitae vestibulum nibh.,3,1,
38,Rafael,Bongiovanni,34 9 7818-5800,rafael@gmail.com,2019-07-18 05:50:54,"Lorem ipsum dolor sit amet, consectetur adipiscing elit. Sed ornare pretium nunc",1,1,
39,Maria,Menezes,12 9 9864-6489,maria@outlook.com,2019-07-18 05:50:54,Nam et orci ut magna iaculis volutpat. ,2,1,
40,Clara,Rios,46 9 9846-3854,clara@yahoo.com.br,2019-07-18 05:50:54,Praesent sollicitudin nisl sed neque sagittis ultricies.,1,1,
41,Joaquim,Fagundes,32 9 9869-3758,joaquim@yahoo.com.br,2019-07-18 05:50:54,Quisque condimentum quam eget pharetra feugiat.,3,1,
42,Cecília,Müller,16 9 8966-4047,ceclia@outlook.com,2019-07-18 05:50:54,Nullam non dolor massa. ,2,1,
43,Samuel,Bonner,46 9 7957-5285,samuel@yahoo.com.br,2019-07-18 05:50:54,Quisque vitae vestibulum nibh.,1,1,
44,Eloá,Oliveira,24 9 9858-6143,elo@gmail.com,2019-07-18 05:50:54,Nam et orci ut magna iaculis volutpat. ,3,1,
45,Enzo Gabriel,Vargas,31 9 7934-9090,enzogabriel@outlook.com,2019-07-18 05:50:54,Praesent sollicitudin nisl sed neque sagittis ultricies.,3,1,
46,Lara,Monteiro,12 9 8864-8103,lara@outlook.com,2019-07-18 05:50:54,"Proin eget metus imperdiet, tincidunt purus ut, malesuada magna. ",2,1,
47,Miguel,Campos,43 9 8954-4586,miguel@yahoo.com.br,2019-07-18 05:50:54,"Quisque eu aliquet nisl, maximus lobortis est. ",1,1,
48,Maria,Evelyn,26 9 7839-3998,maria@hotmail.com,2019-07-18 05:50:54,Nam hendrerit nisl ut pellentesque hendrerit. ,2,1,
49,Júlia,Riche,40 9 7835-2585,jlia@outlook.com,2019-07-18 05:50:54,Quisque vitae vestibulum nibh.,1,1,
50,Henrique,Gonçalves,28 9 8957-5979,henrique@gmail.com,2019-07-18 05:50:54,Donec pretium consequat rutrum. ,2,1,
51,Isadora,Oliveira,21 9 9888-2417,isadora@hotmail.com,2019-07-18 05:50:54,Nullam non dolor massa. ,2,1,
52,Gustavo,Campos,22 9 7965-3700,gustavo@outlook.com,2019-07-18 05:50:54,vestibulum sit amet convallis ac,1,1,
53,Mariana,Vargas,38 9 8943-3941,mariana@gmail.com,2019-07-18 05:50:54,Nam hendrerit nisl ut pellentesque hendrerit. ,1,1,
54,Murilo,Ferraz,30 9 7820-7092,murilo@hotmail.com,2019-07-18 05:50:54,Donec pretium consequat rutrum. ,3,1,
55,Emanuelly,Vasconcelos,14 9 7940-3995,emanuelly@yahoo.com.br,2019-07-18 05:50:54,molestie gravida ante.,3,1,
56,Pedro,Chapelin,36 9 8941-9223,pedro@hotmail.com,2019-07-18 05:50:54,Phasellus hendrerit urna vel arcu condimentum facilisis.,2,1,
57,Henrique,Ferraz,40 9 7963-4400,henrique@gmail.com,2019-07-18 05:50:54,Fusce ultrices ut ligula id varius. Ut eu pharetra nibh. ,2,1,
58,Ana,Menezes,35 9 8865-9866,ana@hotmail.com,2019-07-18 05:50:54,molestie gravida ante.,2,1,
59,Júlia,Maldonado,17 9 9959-7912,jlia@yahoo.com.br,2019-07-18 05:50:54,Phasellus hendrerit urna vel arcu condimentum facilisis.,3,1,
60,Pietro,Müller,17 9 9875-9068,pietro@hotmail.com,2019-07-18 05:50:54,Praesent sollicitudin nisl sed neque sagittis ultricies.,3,1,
61,Ana Luiza,Trindade,18 9 9867-5286,analuiza@hotmail.com,2019-07-18 05:50:54,id vulputate ligula iaculis ut. Nulla ante ligula,3,1,
62,Lucca,Albuquerque,41 9 9858-5626,lucca@hotmail.com,2019-07-18 05:50:54,Nam hendrerit nisl ut pellentesque hendrerit. ,3,1,
63,Ana Clara,Góes,29 9 7937-1804,anaclara@yahoo.com.br,2019-07-18 05:50:54,"Quisque eu aliquet nisl, maximus lobortis est. ",1,1,
64,Felipe,Ganzarolli,15 9 9839-5397,felipe@hotmail.com,2019-07-18 05:50:54,Quisque condimentum quam eget pharetra feugiat.,3,1,
65,Melissa,Dolabella,35 9 8927-2591,melissa@gmail.com,2019-07-18 05:50:54,Nam et orci ut magna iaculis volutpat. ,1,1,
66,João Pedro,Moraes,31 9 7843-4281,joopedro@gmail.com,2019-07-18 05:50:54,Nullam non dolor massa. ,2,1,
67,Yasmin,Liberato,23 9 9854-4643,yasmin@yahoo.com.br,2019-07-18 05:50:54,Quisque vitae vestibulum nibh.,2,1,
68,Isaac,Garcia,40 9 7962-4520,isaac@gmail.com,2019-07-18 05:50:54,id vulputate ligula iaculis ut. Nulla ante ligula,2,1,
69,Maria Alice,Muniz,39 9 8978-3972,mariaalice@outlook.com,2019-07-18 05:50:54,Quisque condimentum quam eget pharetra feugiat.,1,1,
70,Benício,Ferraz,24 9 9934-4983,bencio@yahoo.com.br,2019-07-18 05:50:54,Quisque vitae vestibulum nibh.,2,1,
71,Isabelly,Drummond,12 9 8849-6951,isabelly@hotmail.com,2019-07-18 05:50:54,"Proin eget metus imperdiet, tincidunt purus ut, malesuada magna. ",1,1,
72,Daniel,Bernardi,18 9 9922-1642,daniel@hotmail.com,2019-07-18 05:50:54,"Lorem ipsum dolor sit amet, consectetur adipiscing elit. Sed ornare pretium nunc",3,1,
73,Lavínia,Roriz,30 9 9845-9808,lavnia@outlook.com,2019-07-18 05:50:54,Fusce ultrices ut ligula id varius. Ut eu pharetra nibh. ,1,1,
74,Anthony,Boaventura,29 9 9961-1198,anthony@gmail.com,2019-07-18 05:50:54,vestibulum sit amet convallis ac,1,1,
75,Esther,Vargas,27 9 7957-5635,esther@hotmail.com,2019-07-18 05:50:54,Nullam non dolor massa. ,2,1,
76,Leonardo,Montenegro,49 9 8933-1560,leonardo@hotmail.com,2019-07-18 05:50:54,Nullam non dolor massa. ,2,1,
77,Sarah,Abravanel,47 9 7999-3490,sarah@hotmail.com,2019-07-18 05:50:54,Quisque vitae vestibulum nibh.,3,1,
78,Davi Lucca,Gimenez,16 9 7862-4009,davilucca@outlook.com,2019-07-18 05:50:54,Quisque condimentum quam eget pharetra feugiat.,2,1,
79,Elisa,Carvalho,22 9 7944-8534,elisa@yahoo.com.br,2019-07-18 05:50:54,"Quisque eu aliquet nisl, maximus lobortis est. ",2,1,
80,Bryan,Moura,14 9 9965-4350,bryan@outlook.com,2019-07-18 05:50:54,Nam et orci ut magna iaculis volutpat. ,1,1,
81,Antonella,Gimenez,35 9 7840-8768,antonella@outlook.com,2019-07-18 05:50:54,vestibulum sit amet convallis ac,3,1,
82,Eduardo,Resende,31 9 8953-1740,eduardo@outlook.com,2019-07-18 05:50:54,Nam hendrerit nisl ut pellentesque hendrerit. ,1,1,
83,Rafaela,Novaes,33 9 8953-7544,rafaela@outlook.com,2019-07-18 05:50:54,Fusce gravida egestas erat vitae placerat. ,3,1,
84,João Lucas,Werneck,28 9 8913-9955,joolucas@hotmail.com,2019-07-18 05:50:54,molestie gravida ante.,3,1,
85,Maria,Alencar,43 9 9828-1793,maria@hotmail.com,2019-07-18 05:50:54,Quisque vitae vestibulum nibh.,1,1,
86,Cecília,Arantes,42 9 8850-5275,ceclia@outlook.com,2019-07-18 05:50:54,"Quisque eu aliquet nisl, maximus lobortis est. ",1,1,
87,Victor,Resende,38 9 9899-6014,victor@hotmail.com,2019-07-18 05:50:54,Quisque vitae vestibulum nibh.,1,1,
88,Liz,D'Ávila,47 9 9923-4288,liz@hotmail.com,2019-07-18 05:50:54,Quisque vitae vestibulum nibh.,1,1,
89,João,Alencar,22 9 7951-9548,joo@yahoo.com.br,2019-07-18 05:50:54,vestibulum sit amet convallis ac,2,1,
90,Marina,Fischer,40 9 7933-2486,marina@outlook.com,2019-07-18 05:50:54,vestibulum sit amet convallis ac,1,1,
91,Cauã,Oliveira,27 9 8872-4116,cau@gmail.com,2019-07-18 05:50:54,Praesent sollicitudin nisl sed neque sagittis ultricies.,2,1,
92,Nicole,Castiel,11 9 9825-5512,nicole@hotmail.com,2019-07-18 05:50:54,Fusce ultrices ut ligula id varius. Ut eu pharetra nibh. ,3,1,
93,Antônio,Lombardi,17 9 8832-9257,antnio@hotmail.com,2019-07-18 05:50:54,Donec pretium consequat rutrum. ,3,1,
94,Maitê,Vilela,25 9 9986-3787,mait@outlook.com,2019-07-18 05:50:54,"Lorem ipsum dolor sit amet, consectetur adipiscing elit. Sed ornare pretium nunc",3,1,
95,Vicente,Dolabella,17 9 7859-5974,vicente@outlook.com,2019-07-18 05:50:54,"Lorem ipsum dolor sit amet, consectetur adipiscing elit. Sed ornare pretium nunc",2,1,
96,Isis,Lessa,24 9 9882-5657,isis@gmail.com,2019-07-18 05:50:54,"Quisque eu aliquet nisl, maximus lobortis est. ",3,1,
97,Caleb,Bongiovanni,46 9 8870-7928,caleb@gmail.com,2019-07-18 05:50:54,Quisque vitae vestibulum nibh.,1,1,
98,Alícia,Barros,29 9 9831-4984,alcia@outlook.com,2019-07-18 05:50:54,Donec pretium consequat rutrum. ,3,1,
99,Gael,Lambertini,17 9 9998-9240,gael@yahoo.com.br,2019-07-18 05:50:54,Nam hendrerit nisl ut pellentesque hendrerit. ,1,1,
100,Luna,Muniz,43 9 7874-7517,luna@gmail.com,2019-07-18 05:50:54,id vulputate ligula iaculis ut. Nulla ante ligula,2,1,
101,Bento,Castro,25 9 7869-5315,bento@yahoo.com.br,2019-07-18 05:50:54,Nam et orci ut magna iaculis volutpat. ,2,1,
102,Rebeca,Sanches,36 9 9953-5130,rebeca@yahoo.com.br,2019-07-18 05:50:54,"Proin eget metus imperdiet, tincidunt purus ut, malesuada magna. ",2,1,
103,Caio,Antunes,29 9 7948-1805,caio@gmail.com,2019-07-18 05:50:54,"Proin eget metus imperdiet, tincidunt purus ut, malesuada magna. ",1,1,
104,Agatha,Montenegro,31 9 7945-6615,agatha@yahoo.com.br,2019-07-18 05:50:54,vestibulum sit amet convallis ac,3,1,
105,Emanuel,Close,15 9 7811-5527,emanuel@hotmail.com,2019-07-18 05:50:54,vestibulum sit amet convallis ac,3,1,
106,Letícia,Novaes,43 9 7928-8258,letcia@hotmail.com,2019-07-18 05:50:54,Fusce ultrices ut ligula id varius. Ut eu pharetra nibh. ,1,1,
107,Vinícius,Mazzaropi,47 9 8911-6452,vincius@outlook.com,2019-07-18 05:50:54,"Proin eget metus imperdiet, tincidunt purus ut, malesuada magna. ",1,1,
108,Maria,Martins,10 9 7838-2726,maria@hotmail.com,2019-07-18 05:50:54,Quisque condimentum quam eget pharetra feugiat.,2,1,
109,João Guilherme,Cavalcante,34 9 8849-1362,jooguilherme@gmail.com,2019-07-18 05:50:54,Phasellus hendrerit urna vel arcu condimentum facilisis.,3,1,
110,Gabriela,Menezes,32 9 9937-6334,gabriela@outlook.com,2019-07-18 05:50:54,Nam et orci ut magna iaculis volutpat. ,2,1,
111,Davi Lucas,Ferraz,35 9 7925-7376,davilucas@outlook.com,2019-07-18 05:50:54,"Lorem ipsum dolor sit amet, consectetur adipiscing elit. Sed ornare pretium nunc",1,1,
112,Ana Laura,Barros,46 9 9829-8478,analaura@outlook.com,2019-07-18 05:50:54,id vulputate ligula iaculis ut. Nulla ante ligula,2,1,
113,Noah,Torres,44 9 9874-1953,noah@yahoo.com.br,2019-07-18 05:50:54,Fusce ultrices ut ligula id varius. Ut eu pharetra nibh. ,1,1,
114,Catarina,Abravanel,23 9 8920-1527,catarina@outlook.com,2019-07-18 05:50:54,Nullam non dolor massa. ,3,1,
115,João Gabriel,Barcelos,22 9 9963-7631,joogabriel@gmail.com,2019-07-18 05:50:54,Quisque condimentum quam eget pharetra feugiat.,1,1,
116,Clara,Bastos,43 9 7922-6770,clara@outlook.com,2019-07-18 05:50:54,Fusce gravida egestas erat vitae placerat. ,2,1,
117,João Victor,Alencar,14 9 9857-9440,joovictor@outlook.com,2019-07-18 05:50:54,Nam hendrerit nisl ut pellentesque hendrerit. ,1,1,
118,Ana Beatriz,Rios,22 9 7893-4576,anabeatriz@yahoo.com.br,2019-07-18 05:50:54,Nullam non dolor massa. ,1,1,
119,Luiz Miguel,Evelyn,44 9 7918-2110,luizmiguel@yahoo.com.br,2019-07-18 05:50:54,Donec pretium consequat rutrum. ,1,1,
120,Vitória,Liberato,47 9 8945-3008,vitria@outlook.com,2019-07-18 05:50:54,"Quisque eu aliquet nisl, maximus lobortis est. ",2,1,
121,Francisco,Duarte,30 9 8891-4865,francisco@yahoo.com.br,2019-07-18 05:50:54,id vulputate ligula iaculis ut. Nulla ante ligula,1,1,
122,Olívia,Gimenez,11 9 7956-6153,olvia@yahoo.com.br,2019-07-18 05:50:54,"Lorem ipsum dolor sit amet, consectetur adipiscing elit. Sed ornare pretium nunc",1,1,
123,Kaique,Riche,31 9 9990-6781,kaique@yahoo.com.br,2019-07-18 05:50:54,"Quisque eu aliquet nisl, maximus lobortis est. ",2,1,
124,Maria Fernanda,Bernardi,19 9 9969-9873,mariafernanda@outlook.com,2019-07-18 05:50:54,Quisque vitae vestibulum nibh.,3,1,
125,Otávio,Carvalho,13 9 7964-3211,otvio@yahoo.com.br,2019-07-18 05:50:54,molestie gravida ante.,2,1,
126,Emilly,Bongiovanni,23 9 7827-9109,emilly@yahoo.com.br,2019-07-18 05:50:54,Donec pretium consequat rutrum. ,3,1,
127,Augusto,Mazzaropi,22 9 7948-4898,augusto@gmail.com,2019-07-18 05:50:54,Nullam non dolor massa. ,3,1,
128,Maria Valentina,Figueiredo,32 9 8890-7819,mariavalentina@outlook.com,2019-07-18 05:50:54,vestibulum sit amet convallis ac,2,1,
129,Levi,Noronha,35 9 9821-9376,levi@yahoo.com.br,2019-07-18 05:50:54,"Proin eget metus imperdiet, tincidunt purus ut, malesuada magna. ",3,1,
130,Milena,Dieckmann,19 9 8810-1855,milena@gmail.com,2019-07-18 05:50:54,Praesent sollicitudin nisl sed neque sagittis ultricies.,2,1,
131,Yuri,Noronha,28 9 9854-3274,yuri@outlook.com,2019-07-18 05:50:54,molestie gravida ante.,1,1,
132,Maria Helena,Evelyn,46 9 8945-2152,mariahelena@yahoo.com.br,2019-07-18 05:50:54,Donec pretium consequat rutrum. ,1,1,
133,Enrico,Dieckmann,23 9 9897-5645,enrico@outlook.com,2019-07-18 05:50:54,vestibulum sit amet convallis ac,1,1,
134,Bianca,Fontenelle,23 9 8969-4114,bianca@gmail.com,2019-07-18 05:50:54,Phasellus hendrerit urna vel arcu condimentum facilisis.,1,1,
135,Thiago,Gimenez,31 9 9928-8152,thiago@gmail.com,2019-07-18 05:50:54,Donec pretium consequat rutrum. ,3,1,
136,Larissa,Lambertini,24 9 9928-4115,larissa@yahoo.com.br,2019-07-18 05:50:54,Quisque condimentum quam eget pharetra feugiat.,1,1,
137,Ian,Gomes,13 9 7899-8818,ian@yahoo.com.br,2019-07-18 05:50:54,"Proin eget metus imperdiet, tincidunt purus ut, malesuada magna. ",3,1,
138,Mirella,Castiel,24 9 7821-6812,mirella@yahoo.com.br,2019-07-18 05:50:54,Quisque condimentum quam eget pharetra feugiat.,2,1,
139,Victor Hugo,Boaventura,10 9 8892-8977,victorhugo@hotmail.com,2019-07-18 05:50:54,Nam hendrerit nisl ut pellentesque hendrerit. ,3,1,
140,Maria Flor,Dolabella,20 9 9874-8753,mariaflor@yahoo.com.br,2019-07-18 05:50:54,Nam et orci ut magna iaculis volutpat. ,1,1,
141,Thomas,Bonner,42 9 8891-5266,thomas@hotmail.com,2019-07-18 05:50:54,"Quisque eu aliquet nisl, maximus lobortis est. ",2,1,
142,Allana,Barcelos,16 9 8921-2395,allana@hotmail.com,2019-07-18 05:50:54,Quisque vitae vestibulum nibh.,2,1,
143,Henry,Montenegro,40 9 7980-7067,henry@outlook.com,2019-07-18 05:50:54,Nullam non dolor massa. ,3,1,
144,Ana Sophia,Sanches,24 9 7986-2690,anasophia@yahoo.com.br,2019-07-18 05:50:54,Quisque condimentum quam eget pharetra feugiat.,3,1,
145,Luiz Felipe,Gimenez,38 9 7857-8024,luizfelipe@hotmail.com,2019-07-18 05:50:54,id vulputate ligula iaculis ut. Nulla ante ligula,2,1,
146,Clarice,Rios,44 9 8827-8278,clarice@outlook.com,2019-07-18 05:50:54,"Quisque eu aliquet nisl, maximus lobortis est. ",1,1,
147,Ryan,Moraes,24 9 7895-8929,ryan@yahoo.com.br,2019-07-18 05:50:54,Quisque condimentum quam eget pharetra feugiat.,2,1,
148,Pietra,Resende,45 9 7913-3243,pietra@gmail.com,2019-07-18 05:50:54,Nullam non dolor massa. ,2,1,
149,Arthur Miguel,Reymond,33 9 7962-5563,arthurmiguel@outlook.com,2019-07-18 05:50:54,"Proin eget metus imperdiet, tincidunt purus ut, malesuada magna. ",3,1,
150,Maria Vitória,Timberg,42 9 9980-7771,mariavitria@outlook.com,2019-07-18 05:50:54,vestibulum sit amet convallis ac,2,1,
151,Davi Luiz,Schumacher,32 9 7895-4505,daviluiz@gmail.com,2019-07-18 05:50:54,vestibulum sit amet convallis ac,2,1,
152,Maya,Evelyn,22 9 9847-3670,maya@gmail.com,2019-07-18 05:50:54,Fusce ultrices ut ligula id varius. Ut eu pharetra nibh. ,2,1,
153,Nathan,Torres,44 9 9856-7767,nathan@gmail.com,2019-07-18 05:50:54,vestibulum sit amet convallis ac,2,1,
154,Laís,Marques,44 9 9941-5760,las@gmail.com,2019-07-18 05:50:54,Donec pretium consequat rutrum. ,2,1,
155,Pedro Lucas,Boaventura,24 9 9940-9404,pedrolucas@hotmail.com,2019-07-18 05:50:54,Nam et orci ut magna iaculis volutpat. ,1,1,
156,Ayla,Fernandes,48 9 8916-7035,ayla@outlook.com,2019-07-18 05:50:54,Quisque condimentum quam eget pharetra feugiat.,3,1,
157,Davi Miguel,Mazzaropi,30 9 7984-5559,davimiguel@outlook.com,2019-07-18 05:50:54,vestibulum sit amet convallis ac,2,1,
158,Ana Lívia,Close,15 9 9957-4016,analvia@gmail.com,2019-07-18 05:50:54,Fusce gravida egestas erat vitae placerat. ,2,1,
159,Raul,Drummond,36 9 8871-3964,raul@gmail.com,2019-07-18 05:50:54,vestibulum sit amet convallis ac,1,1,
160,Eduarda,Lambertini,34 9 8816-3917,eduarda@yahoo.com.br,2019-07-18 05:50:54,Phasellus hendrerit urna vel arcu condimentum facilisis.,2,1,
161,Pedro Miguel,Marinho,46 9 7920-2143,pedromiguel@hotmail.com,2019-07-18 05:50:54,Fusce ultrices ut ligula id varius. Ut eu pharetra nibh. ,3,1,
162,Mariah,Garcia,30 9 7811-8989,mariah@yahoo.com.br,2019-07-18 05:50:54,"Quisque eu aliquet nisl, maximus lobortis est. ",2,1,
163,Luiz Henrique,Maldonado,40 9 8823-4968,luizhenrique@yahoo.com.br,2019-07-18 05:50:54,molestie gravida ante.,2,1,
164,Stella,Ribeiro,15 9 8934-9824,stella@hotmail.com,2019-07-18 05:50:54,molestie gravida ante.,3,1,
165,Luan,Montenegro,23 9 8846-6678,luan@yahoo.com.br,2019-07-18 05:50:54,Quisque vitae vestibulum nibh.,1,1,
166,Ana,Riche,26 9 8870-4070,ana@yahoo.com.br,2019-07-18 05:50:54,Quisque vitae vestibulum nibh.,3,1,
167,Erick,Garcia,40 9 9826-2773,erick@yahoo.com.br,2019-07-18 05:50:54,vestibulum sit amet convallis ac,3,1,
168,Gabrielly,Antunes,50 9 8965-9717,gabrielly@outlook.com,2019-07-18 05:50:54,"Proin eget metus imperdiet, tincidunt purus ut, malesuada magna. ",1,1,
169,Martin,Antunes,41 9 8934-1239,martin@gmail.com,2019-07-18 05:50:54,Donec pretium consequat rutrum. ,2,1,
170,Sophie,Schumacher,42 9 9984-9918,sophie@yahoo.com.br,2019-07-18 05:50:54,vestibulum sit amet convallis ac,3,1,
171,Bruno,Lessa,44 9 7816-6821,bruno@hotmail.com,2019-07-18 05:50:54,id vulputate ligula iaculis ut. Nulla ante ligula,1,1,
172,Carolina,Evelyn,37 9 7898-1877,carolina@hotmail.com,2019-07-18 05:50:54,Nam et orci ut magna iaculis volutpat. ,1,1,
173,Rodrigo,Andrade,22 9 8989-4221,rodrigo@gmail.com,2019-07-18 05:50:54,Donec pretium consequat rutrum. ,1,1,
174,Maria Laura,Montenegro,40 9 7895-4340,marialaura@outlook.com,2019-07-18 05:50:54,"Proin eget metus imperdiet, tincidunt purus ut, malesuada magna. ",3,1,
175,Luiz Gustavo,Werneck,50 9 8924-6768,luizgustavo@hotmail.com,2019-07-18 05:50:54,Fusce ultrices ut ligula id varius. Ut eu pharetra nibh. ,2,1,
176,Maria Heloísa,Werneck,11 9 9863-9271,mariahelosa@outlook.com,2019-07-18 05:50:54,Fusce gravida egestas erat vitae placerat. ,1,1,
177,Arthur Gabriel,Duarte,45 9 9833-3175,arthurgabriel@yahoo.com.br,2019-07-18 05:50:54,Praesent sollicitudin nisl sed neque sagittis ultricies.,3,1,
178,Maria Sophia,Figueiredo,36 9 9980-3709,mariasophia@gmail.com,2019-07-18 05:50:54,id vulputate ligula iaculis ut. Nulla ante ligula,2,1,
179,Breno,Monteiro,25 9 8941-3493,breno@outlook.com,2019-07-18 05:50:54,Nam hendrerit nisl ut pellentesque hendrerit. ,1,1,
180,Fernanda,Müller,26 9 8811-8913,fernanda@yahoo.com.br,2019-07-18 05:50:54,"Quisque eu aliquet nisl, maximus lobortis est. ",1,1,
181,Kauê,Albuquerque,11 9 9832-2159,kau@yahoo.com.br,2019-07-18 05:50:54,Praesent sollicitudin nisl sed neque sagittis ultricies.,3,1,
182,Malu,Barcellos,16 9 8992-8896,malu@outlook.com,2019-07-18 05:50:54,molestie gravida ante.,2,1,
183,Enzo Miguel,Noronha,44 9 9971-2469,enzomiguel@yahoo.com.br,2019-07-18 05:50:54,Fusce gravida egestas erat vitae placerat. ,2,1,
184,Analu,Close,34 9 9899-1115,analu@yahoo.com.br,2019-07-18 05:50:54,Nullam non dolor massa. ,3,1,
185,Fernando,Boaventura,50 9 9936-3995,fernando@gmail.com,2019-07-18 05:50:54,Donec pretium consequat rutrum. ,2,1,
186,Amanda,Trindade,34 9 9910-7375,amanda@outlook.com,2019-07-18 05:50:54,id vulputate ligula iaculis ut. Nulla ante ligula,1,1,
187,Arthur Henrique,Hickmann,26 9 7813-6604,arthurhenrique@yahoo.com.br,2019-07-18 05:50:54,Nam hendrerit nisl ut pellentesque hendrerit. ,3,1,
188,Aurora,Menezes,45 9 7985-7608,aurora@outlook.com,2019-07-18 05:50:54,Nam et orci ut magna iaculis volutpat. ,2,1,
189,Luiz Otávio,Vasconcelos,44 9 9883-9448,luizotvio@yahoo.com.br,2019-07-18 05:50:54,Phasellus hendrerit urna vel arcu condimentum facilisis.,2,1,
190,Maria Isis,Novaes,14 9 9851-7485,mariaisis@hotmail.com,2019-07-18 05:50:54,Donec pretium consequat rutrum. ,2,1,
191,Carlos Eduardo,Medeiros,37 9 8885-3544,carloseduardo@gmail.com,2019-07-18 05:50:54,Praesent sollicitudin nisl sed neque sagittis ultricies.,2,1,
192,Louise,Lombardi,15 9 7913-2930,louise@gmail.com,2019-07-18 05:50:54,Nam hendrerit nisl ut pellentesque hendrerit. ,3,1,
193,Tomás,Bernardi,29 9 9915-1577,toms@gmail.com,2019-07-18 05:50:54,vestibulum sit amet convallis ac,3,1,
194,Heloise,Barcelos,13 9 8954-5513,heloise@outlook.com,2019-07-18 05:50:54,Nam hendrerit nisl ut pellentesque hendrerit. ,3,1,
195,Lucas Gabriel,Hickmann,46 9 9819-7375,lucasgabriel@yahoo.com.br,2019-07-18 05:50:54,Quisque vitae vestibulum nibh.,3,1,
196,Ana Vitória,Lambertini,29 9 7825-6793,anavitria@outlook.com,2019-07-18 05:50:54,Fusce ultrices ut ligula id varius. Ut eu pharetra nibh. ,2,1,
197,André,Barcellos,29 9 7962-4875,andr@gmail.com,2019-07-18 05:50:54,vestibulum sit amet convallis ac,2,1,
198,Ana Cecília,Muniz,11 9 7917-2401,anaceclia@gmail.com,2019-07-18 05:50:54,Quisque vitae vestibulum nibh.,1,1,
199,José,Bittencourt,32 9 7839-1330,jos@hotmail.com,2019-07-18 05:50:54,Donec pretium consequat rutrum. ,3,1,
200,Ana Liz,Dantas,37 9 7932-4582,analiz@hotmail.com,2019-07-18 05:50:54,"Proin eget metus imperdiet, tincidunt purus ut, malesuada magna. ",1,1,
201,Yago,Gimenez,37 9 9993-2235,yago@gmail.com,2019-07-18 05:50:54,Fusce gravida egestas erat vitae placerat. ,1,1,
202,Joana,Novaes,24 9 8944-8462,joana@hotmail.com,2019-07-18 05:50:54,Quisque condimentum quam eget pharetra feugiat.,2,1,
203,Danilo,Barcellos,43 9 9958-7400,danilo@yahoo.com.br,2019-07-18 05:50:54,"Quisque eu aliquet nisl, maximus lobortis est. ",2,1,
204,Luana,Castiel,39 9 9991-6320,luana@gmail.com,2019-07-18 05:50:54,vestibulum sit amet convallis ac,2,1,
205,Anthony,Gonçalves,47 9 9938-4861,anthony@yahoo.com.br,2019-07-18 05:50:54,Quisque vitae vestibulum nibh.,3,1,
206,Gabriel,Moraes,34 9 7972-1476,gabriel@gmail.com,2019-07-18 05:50:54,molestie gravida ante.,3,1,
207,Antônia,Alencar,36 9 8810-3545,antnia@hotmail.com,2019-07-18 05:50:54,Quisque condimentum quam eget pharetra feugiat.,2,1,
208,Ruan,Mazzaropi,13 9 7927-2911,ruan@outlook.com,2019-07-18 05:50:54,Quisque condimentum quam eget pharetra feugiat.,2,1,
209,Isabel,Trindade,24 9 8861-8523,isabel@gmail.com,2019-07-18 05:50:54,Quisque condimentum quam eget pharetra feugiat.,2,1,fotos/2019/07/StockSnap_MLEPUKHYUU.jpg
210,Miguel Henrique,Annenberg,20 9 8834-2615,miguelhenrique@hotmail.com,2019-07-18 05:50:54,"Quisque eu aliquet nisl, maximus lobortis est.",1,1,fotos/2019/07/StockSnap_XKAZLYB5NV.jpg
211,Bruna,Barcelos,46 9 9825-6379,bruna@hotmail.com,2019-07-18 05:50:54,Fusce gravida egestas erat vitae placerat.,2,1,fotos/2019/07/StockSnap_ILP6CFYHQI.jpg
212,Oliver,Vargas,26 9 9869-4367,oliver@gmail.com,2019-07-18 05:50:54,"Lorem ipsum dolor sit amet, consectetur adipiscing elit. Sed ornare pretium nunc",1,0,fotos/2019/07/StockSnap_UBLCZML3J9.jpg
